[{"image": "50242.jpg", "annotations": [{"label": "3", "coordinates": {"x": 45.66806722689075, "y": 32.60504201680672, "width": 24.0, "height": 41.0}}, {"label": "0", "coordinates": {"x": 68.16806722689074, "y": 32.60504201680672, "width": 22.999999999999993, "height": 39.0}}, {"label": "A", "coordinates": {"x": 91.66806722689074, "y": 32.10504201680672, "width": 20.0, "height": 44.0}}, {"label": "9", "coordinates": {"x": 24.66806722689075, "y": 74.10504201680672, "width": 22.0, "height": 36.0}}, {"label": "0", "coordinates": {"x": 44.66806722689075, "y": 74.60504201680672, "width": 20.0, "height": 33.0}}, {"label": "5", "coordinates": {"x": 66.66806722689074, "y": 73.60504201680672, "width": 23.999999999999993, "height": 35.0}}, {"label": ".", "coordinates": {"x": 80.16806722689074, "y": 88.60504201680672, "width": 7.0, "height": 7.0}}, {"label": "4", "coordinates": {"x": 93.16806722689074, "y": 73.60504201680672, "width": 19.0, "height": 37.0}}, {"label": "6", "coordinates": {"x": 113.16806722689074, "y": 73.10504201680672, "width": 19.0, "height": 38.0}}]}, {"image": "50244.jpg", "annotations": [{"label": "3", "coordinates": {"x": 16.253071253071255, "y": 22.02702702702703, "width": 17.0, "height": 30.0}}, {"label": "0", "coordinates": {"x": 30.753071253071255, "y": 26.02702702702703, "width": 16.0, "height": 28.0}}, {"label": "F", "coordinates": {"x": 45.253071253071255, "y": 28.52702702702703, "width": 17.0, "height": 29.0}}, {"label": "-", "coordinates": {"x": 58.753071253071255, "y": 32.52702702702703, "width": 8.0, "height": 9.0}}, {"label": "9", "coordinates": {"x": 70.75307125307125, "y": 35.02702702702703, "width": 18.0, "height": 30.0}}, {"label": "2", "coordinates": {"x": 87.75307125307125, "y": 39.52702702702703, "width": 18.0, "height": 29.0}}, {"label": "6", "coordinates": {"x": 104.25307125307125, "y": 42.02702702702703, "width": 15.0, "height": 28.0}}, {"label": ".", "coordinates": {"x": 114.75307125307125, "y": 54.02702702702703, "width": 8.0, "height": 6.0}}, {"label": "1", "coordinates": {"x": 127.75307125307125, "y": 45.02702702702703, "width": 12.0, "height": 30.0}}, {"label": "9", "coordinates": {"x": 141.25307125307125, "y": 47.02702702702703, "width": 17.0, "height": 30.0}}]}, {"image": "50246.jpg", "annotations": [{"label": "3", "coordinates": {"x": 46.65237020316027, "y": 34.45711060948081, "width": 26.0, "height": 45.0}}, {"label": "0", "coordinates": {"x": 72.15237020316026, "y": 41.45711060948081, "width": 26.999999999999993, "height": 49.0}}, {"label": "A", "coordinates": {"x": 98.15237020316026, "y": 47.95711060948081, "width": 23.0, "height": 48.0}}, {"label": "9", "coordinates": {"x": 31.652370203160267, "y": 73.45711060948081, "width": 24.0, "height": 37.0}}, {"label": "2", "coordinates": {"x": 54.15237020316026, "y": 81.45711060948081, "width": 24.999999999999993, "height": 41.0}}, {"label": "6", "coordinates": {"x": 75.15237020316026, "y": 86.45711060948081, "width": 22.999999999999993, "height": 39.0}}, {"label": ".", "coordinates": {"x": 89.65237020316026, "y": 105.45711060948081, "width": 8.0, "height": 7.0}}, {"label": "4", "coordinates": {"x": 105.15237020316026, "y": 94.45711060948081, "width": 21.0, "height": 43.0}}, {"label": "5", "coordinates": {"x": 126.15237020316027, "y": 99.45711060948081, "width": 23.000000000000014, "height": 43.0}}]}, {"image": "50248.jpg", "annotations": [{"label": "3", "coordinates": {"x": 12.399999999999999, "y": 20.6, "width": 12.999999999999998, "height": 26.0}}, {"label": "0", "coordinates": {"x": 22.9, "y": 22.1, "width": 12.0, "height": 25.0}}, {"label": "F", "coordinates": {"x": 33.9, "y": 22.6, "width": 12.0, "height": 28.0}}, {"label": "-", "coordinates": {"x": 43.9, "y": 23.6, "width": 6.0, "height": 6.0}}, {"label": "9", "coordinates": {"x": 52.9, "y": 23.6, "width": 10.0, "height": 30.0}}, {"label": "3", "coordinates": {"x": 63.900000000000006, "y": 24.1, "width": 12.000000000000007, "height": 29.0}}, {"label": "5", "coordinates": {"x": 75.4, "y": 26.1, "width": 11.0, "height": 27.0}}, {"label": ".", "coordinates": {"x": 83.4, "y": 37.6, "width": 5.0, "height": 6.0}}, {"label": "9", "coordinates": {"x": 90.9, "y": 26.1, "width": 14.0, "height": 29.0}}, {"label": "1", "coordinates": {"x": 102.9, "y": 28.3, "width": 10.0, "height": 27.4}}]}, {"image": "50249.jpg", "annotations": [{"label": "3", "coordinates": {"x": 14.67429193899782, "y": 32.29411764705882, "width": 18.0, "height": 37.0}}, {"label": "0", "coordinates": {"x": 30.67429193899782, "y": 30.29411764705882, "width": 15.999999999999996, "height": 37.0}}, {"label": "F", "coordinates": {"x": 45.17429193899782, "y": 29.79411764705882, "width": 15.0, "height": 38.0}}, {"label": "-", "coordinates": {"x": 57.67429193899782, "y": 30.29411764705882, "width": 8.0, "height": 11.0}}, {"label": "9", "coordinates": {"x": 68.67429193899783, "y": 28.79411764705882, "width": 14.000000000000007, "height": 36.0}}, {"label": "3", "coordinates": {"x": 82.67429193899783, "y": 27.29411764705882, "width": 14.0, "height": 35.0}}, {"label": "6", "coordinates": {"x": 97.17429193899783, "y": 27.29411764705882, "width": 15.0, "height": 35.0}}, {"label": ".", "coordinates": {"x": 106.67429193899783, "y": 40.79411764705882, "width": 6.0, "height": 6.0}}, {"label": "4", "coordinates": {"x": 115.67429193899783, "y": 25.79411764705882, "width": 14.0, "height": 34.0}}, {"label": "4", "coordinates": {"x": 129.6742919389978, "y": 25.29411764705882, "width": 13.999999999999986, "height": 35.0}}]}, {"image": "50250.jpg", "annotations": [{"label": "3", "coordinates": {"x": 12.729166666666664, "y": 25.624999999999996, "width": 16.0, "height": 32.0}}, {"label": "0", "coordinates": {"x": 24.729166666666664, "y": 30.125, "width": 14.0, "height": 31.000000000000004}}, {"label": "E", "coordinates": {"x": 36.729166666666664, "y": 36.125, "width": 16.0, "height": 33.0}}, {"label": "-", "coordinates": {"x": 45.729166666666664, "y": 39.125, "width": 8.0, "height": 9.0}}, {"label": "9", "coordinates": {"x": 57.22916666666666, "y": 42.625, "width": 14.999999999999993, "height": 32.0}}, {"label": "3", "coordinates": {"x": 70.72916666666666, "y": 49.125, "width": 15.999999999999993, "height": 33.0}}, {"label": "8", "coordinates": {"x": 84.22916666666666, "y": 54.625, "width": 13.0, "height": 34.0}}, {"label": ".", "coordinates": {"x": 94.72916666666666, "y": 69.125, "width": 8.0, "height": 7.0}}, {"label": "1", "coordinates": {"x": 104.22916666666666, "y": 61.125, "width": 13.0, "height": 35.0}}, {"label": "5", "coordinates": {"x": 118.72916666666666, "y": 65.625, "width": 18.0, "height": 34.0}}]}, {"image": "50251.jpg", "annotations": [{"label": "5", "coordinates": {"x": 31.4, "y": 24.6, "width": 16.0, "height": 31.0}}, {"label": "1", "coordinates": {"x": 44.9, "y": 27.1, "width": 13.0, "height": 32.0}}, {"label": "G", "coordinates": {"x": 61.400000000000006, "y": 29.1, "width": 16.000000000000007, "height": 32.0}}, {"label": "9", "coordinates": {"x": 13.899999999999999, "y": 54.599999999999994, "width": 15.0, "height": 28.999999999999993}}, {"label": "4", "coordinates": {"x": 27.9, "y": 56.599999999999994, "width": 13.0, "height": 28.999999999999993}}, {"label": "3", "coordinates": {"x": 42.4, "y": 58.599999999999994, "width": 14.0, "height": 28.999999999999993}}, {"label": ".", "coordinates": {"x": 51.4, "y": 70.6, "width": 6.0, "height": 7.0}}, {"label": "0", "coordinates": {"x": 60.900000000000006, "y": 60.599999999999994, "width": 15.000000000000007, "height": 28.999999999999993}}, {"label": "3", "coordinates": {"x": 75.9, "y": 62.099999999999994, "width": 13.0, "height": 27.999999999999993}}]}, {"image": "50252.jpg", "annotations": [{"label": "3", "coordinates": {"x": 17.206798866855532, "y": 22.864022662889525, "width": 19.0, "height": 29.0}}, {"label": "0", "coordinates": {"x": 35.706798866855536, "y": 24.364022662889525, "width": 20.000000000000004, "height": 30.0}}, {"label": "E", "coordinates": {"x": 54.206798866855536, "y": 23.864022662889525, "width": 21.0, "height": 27.0}}, {"label": "-", "coordinates": {"x": 67.70679886685554, "y": 23.864022662889525, "width": 8.0, "height": 9.0}}, {"label": "9", "coordinates": {"x": 81.70679886685554, "y": 23.364022662889525, "width": 16.0, "height": 28.0}}, {"label": "4", "coordinates": {"x": 101.20679886685554, "y": 22.864022662889525, "width": 17.0, "height": 27.0}}, {"label": "5", "coordinates": {"x": 117.70679886685554, "y": 23.364022662889525, "width": 18.0, "height": 28.0}}, {"label": ".", "coordinates": {"x": 128.70679886685554, "y": 34.864022662889525, "width": 8.0, "height": 7.0}}, {"label": "1", "coordinates": {"x": 142.20679886685554, "y": 23.864022662889525, "width": 11.0, "height": 29.0}}, {"label": "5", "coordinates": {"x": 160.70679886685554, "y": 22.864022662889525, "width": 18.0, "height": 29.0}}]}]